{"cameraMode":{"drawMode":0,"name":"Shaded","section":"Shading Mode"},"sceneLighting":true,"audioPlay":false,"sceneViewState":{"showFog":true,"showMaterialUpdate":false,"showSkybox":true,"showFlares":true,"showImageEffects":true,"showParticleSystems":true},"in2DMode":false,"pivot":{"x":-186.29006958007813,"y":-96.02542877197266,"z":209.7345428466797},"rotation":{"x":-0.21411822736263276,"y":0.38900190591812136,"z":-0.09346930682659149,"w":-0.8911198377609253},"size":361.0777587890625,"orthographic":false}