{"cameraMode":{"drawMode":0,"name":"Shaded","section":"Shading Mode"},"sceneLighting":true,"audioPlay":false,"sceneViewState":{"showFog":true,"showMaterialUpdate":false,"showSkybox":true,"showFlares":true,"showImageEffects":true,"showParticleSystems":true},"in2DMode":false,"pivot":{"x":250.18911743164063,"y":156.50942993164063,"z":-65.44468688964844},"rotation":{"x":-0.16010956466197968,"y":0.18739373981952668,"z":-0.030974354594945909,"w":-0.9686532616615295},"size":17.708194732666017,"orthographic":false}