{"cameraMode":{"drawMode":0,"name":"Shaded","section":"Shading Mode"},"sceneLighting":true,"audioPlay":false,"sceneViewState":{"showFog":true,"showMaterialUpdate":false,"showSkybox":true,"showFlares":true,"showImageEffects":true,"showParticleSystems":true},"in2DMode":false,"pivot":{"x":-64.56471252441406,"y":-48.200035095214847,"z":80.13423156738281},"rotation":{"x":-0.2128942608833313,"y":0.78517746925354,"z":-0.44106346368789675,"w":-0.3789927363395691},"size":197.90673828125,"orthographic":false}